A1,0.14,29.42,336.00,ANTENNA-BOARD,ANT_PCB_2.4GHZ_NRF8001_1.6MM_1OZ
B1,1.50,16.50,270.00,BALUN0805,BALUN
C1,-6.00,2.00,0.00,1uF,CAPC2012X140_HS
C10,5.00,-2.50,0.00,0.1uF,CAPC2012X140_HS
C11,-5.00,-1.00,0.00,0.1uF,CAPC2012X140_HS
C12,-21.00,11.50,0.00,47uF,CAPMP3216X180
C13,-3.50,-12.50,0.00,1uF,CAPC2012X140_HS
C15,-4.00,-20.50,0.00,1uF,CAPC2012X140_HS
C17,2.00,-12.50,0.00,47uF,CAPMP3216X180
C2,-7.50,11.50,0.00,1uF,CAPC2012X140_HS
C3,-3.00,16.50,0.00,22pF,CAPC2012X140_HS
C4,16.00,7.00,0.00,12pF,CAPC2012X140_HS
C5,16.00,10.00,0.00,12pF,CAPC2012X140_HS
C6,-7.50,6.50,0.00,1uF,CAPC2012X140_HS
C7,10.50,13.00,0.00,1uF,CAPC2012X140_HS
C8,1.50,19.50,0.00,0.75pF,CAPC2012X140_HS
C9,-11.00,-11.50,0.00,0.1uF,CAPC2012X140_HS
D1,-13.00,-14.50,0.00,green,LEDSC125X200X120-2_HS
D2,-15.50,15.00,0.00,RED,LEDC1507X80
D3,20.50,-17.50,270.00,360mV,SODFL3516X96
D4,-21.00,-15.50,270.00,360mV,SODFL3516X96
D5,-17.50,19.00,180.00,360mV,SODFL3516X96
D6,-13.50,5.00,0.00,,LEDQLSP30YK
D7,17.50,20.50,270.00,360mV,SODFL3516X96
D9,-13.50,-5.00,0.00,,LEDQLSP30YK
J1,28.00,0.00,90.00,AVR_SPI_PRG_6-SMD,2X3-SMD
J2,11.50,-2.00,90.00,HEADER-4POS-0.1IN-FEMALE-SMD-BOTTOM-ENTRY,HEADER-1X4-BOTTOM-ENTRY
J4,-4.00,-6.50,0.00,HEADER-4POS-0.1IN-FEMALE-SMD-BOTTOM-ENTRY,HEADER-1X4-BOTTOM-ENTRY
M1,29.00,28.70,140.00,MOTOR_PADS_GND-MOLEX-SMD,MOLEX-0532610271
M2,28.70,-29.00,50.00,MOTOR_PADS_GND-MOLEX-SMD,MOLEX-0532610271
M3,-29.00,-28.70,320.00,MOTOR_PADS_GND-MOLEX-SMD,MOLEX-0532610271
M4,-28.70,29.00,230.00,MOTOR_PADS_GND-MOLEX-SMD,MOLEX-0532610271
NB1,-2.00,-22.50,0.00,NET-BRIDGE,NET_BRIDGE
Q1,22.51,24.00,270.00,MOSFET-SI2302CDS-T1-E3CT-ND,SOT95P240X110-3MOSFET
Q2,23.50,-23.01,180.00,MOSFET-SI2302CDS-T1-E3CT-ND,SOT95P240X110-3MOSFET
Q3,-20.01,-21.00,90.00,MOSFET-SI2302CDS-T1-E3CT-ND,SOT95P240X110-3MOSFET
Q4,-23.00,22.51,0.00,MOSFET-SI2302CDS-T1-E3CT-ND,SOT95P240X110-3MOSFET
Q5,-27.50,-1.99,0.00,MOSFET-SI2302CDS-T1-E3CT-ND,SOT95P240X110-3MOSFET
Q6,-27.50,3.01,0.00,MOSFET-SI2302CDS-T1-E3CT-ND,SOT95P240X110-3MOSFET
R1,15.50,13.00,180.00,10K,RESC2012X60_HS
R16,-32.50,-1.50,180.00,330,RESC2012X60_HS
R17,-32.50,1.50,180.00,330,RESC2012X60_HS
R18,5.00,-5.50,0.00,10K,RESC2012X60_HS
R19,5.00,0.50,0.00,10K,RESC2012X60_HS
R2,15.50,16.00,180.00,12K,RESC2012X60_HS
R20,16.00,-16.50,0.00,10K,RESC2012X60_HS
R21,-18.00,22.50,0.00,10K,RESC2012X60_HS
R22,-17.00,-15.00,90.00,10K,RESC2012X60_HS
R23,18.00,-23.00,180.00,10K,RESC2012X60_HS
R24,21.50,19.00,270.00,10K,RESC2012X60_HS
R3,-24.50,-7.00,0.00,10K,RESC2012X60_HS
R4,-22.50,5.00,0.00,34,0805_RESISTOR
R5,-16.00,-9.50,0.00,34,0805_RESISTOR
R6,-22.00,8.00,0.00,10K,RESC2012X60_HS
RG1,-3.00,-16.50,0.00,3V,SOT23-DBV
S1,0.62,-30.45,300.00,POWER-SWITCH-MFS201N-9-Z-SMD-EDGE,JS102011SAQN
SW1,10.00,-11.50,90.00,PUSHBUTTON_SMD-VERTICAL-1,TE_FSM8JSMA_HS
U1,1.50,8.50,270.00,ATMEGA128RFA1,QFN-64
U2,0.00,0.00,0.00,LSM-IMU-497-18367-1-NDIMU,LSM6DS0-IMU
Y1,11.00,8.00,90.00,CRYSTAL5X3,CRYSTAL-SMD-5X3
