A1,0.14,29.42,336.00,ANTENNA-BOARD,ANT_PCB_2.4GHZ_NRF8001_1.6MM_1OZ
B1,1.50,16.50,270.00,BALUN0805,BALUN
C1,-6.00,1.50,0.00,1uF,CAPC2012X140_HS
C10,0.00,-4.00,0.00,0.1uF,CAPC2012X140_HS
C11,-5.00,-2.00,0.00,0.1uF,CAPC2012X140_HS
C12,-21.00,11.50,0.00,47uF,CAPMP3216X180
C13,-3.50,-12.50,0.00,1uF,CAPC2012X140_HS
C15,-4.00,-20.50,0.00,1uF,CAPC2012X140_HS
C17,2.00,-12.50,0.00,47uF,CAPMP3216X180
C2,-10.00,-2.50,0.00,1uF,CAPC2012X140_HS
C3,-3.00,16.50,0.00,22pF,CAPC2012X140_HS
C4,16.00,7.00,0.00,12pF,CAPC2012X140_HS
C5,16.00,10.00,0.00,12pF,CAPC2012X140_HS
C6,-7.50,11.50,0.00,1uF,CAPC2012X140_HS
C7,10.50,13.00,0.00,1uF,CAPC2012X140_HS
C8,1.50,19.50,0.00,0.75pF,CAPC2012X140_HS
C9,5.50,-5.50,0.00,0.1uF,CAPC2012X140_HS
D1,-15.00,12.00,0.00,green,LEDSC125X200X120-2_HS
D2,-15.50,15.50,0.00,RED,LEDC1507X80
D3,27.00,-27.00,180.00,360mV,SODFL3516X96
D4,-26.00,-26.00,90.00,360mV,SODFL3516X96
D5,-26.00,26.00,0.00,360mV,SODFL3516X96
D6,-9.00,-7.00,0.00,,LEDQLSP30YK
D7,26.50,27.50,270.00,360mV,SODFL3516X96
D9,-9.00,7.00,0.00,,LEDQLSP30YK
J2,11.50,-2.00,90.00,HEADER-4POS-0.1IN-FEMALE-SMD-BOTTOM-ENTRY,HEADER-1X4-BOTTOM-ENTRY
J4,-12.00,-14.00,180.00,HEADER-4POS-0.1IN-FEMALE-SMD-BOTTOM-ENTRY,HEADER-1X4-BOTTOM-ENTRY
M1,21.00,23.45,0.00,MOTOR_PADS_GND-MOLEX-SMD,MOLEX-0532610271
M2,22.00,-23.45,180.00,MOTOR_PADS_GND-MOLEX-SMD,MOLEX-0532610271
M3,-21.00,-21.95,180.00,MOTOR_PADS_GND-MOLEX-SMD,MOLEX-0532610271
M4,-21.00,22.45,0.00,MOTOR_PADS_GND-MOLEX-SMD,MOLEX-0532610271
NB1,-2.00,-22.50,0.00,NET-BRIDGE,NET_BRIDGE
Q1,31.51,32.50,270.00,MOSFET-SI2302CDS-T1-E3CT-ND,SOT95P240X110-3MOSFET
Q2,33.00,-31.01,180.00,MOSFET-SI2302CDS-T1-E3CT-ND,SOT95P240X110-3MOSFET
Q3,-30.01,-32.00,90.00,MOSFET-SI2302CDS-T1-E3CT-ND,SOT95P240X110-3MOSFET
Q4,-32.00,30.01,0.00,MOSFET-SI2302CDS-T1-E3CT-ND,SOT95P240X110-3MOSFET
Q5,-27.50,-1.99,0.00,MOSFET-SI2302CDS-T1-E3CT-ND,SOT95P240X110-3MOSFET
Q6,-27.50,3.01,0.00,MOSFET-SI2302CDS-T1-E3CT-ND,SOT95P240X110-3MOSFET
Q7,31.00,-0.99,0.00,MOSFET-SI2302CDS-T1-E3CT-ND,SOT95P240X110-3MOSFET
Q8,26.00,-0.99,0.00,MOSFET-SI2302CDS-T1-E3CT-ND,SOT95P240X110-3MOSFET
Q9,26.00,4.01,0.00,MOSFET-SI2302CDS-T1-E3CT-ND,SOT95P240X110-3MOSFET
R1,15.50,13.00,180.00,10K,RESC2012X60_HS
R10,2.00,-9.00,0.00,10K,RESC2012X60_HS
R11,26.00,-5.00,0.00,110,0805_RESISTOR
R12,36.50,0.00,0.00,71.5,0805_RESISTOR
R16,-15.00,6.00,180.00,330,RESC2012X60_HS
R17,-11.00,1.00,180.00,330,RESC2012X60_HS
R18,5.00,-2.50,0.00,10K,RESC2012X60_HS
R19,5.00,0.50,0.00,10K,RESC2012X60_HS
R2,15.50,16.00,180.00,12K,RESC2012X60_HS
R20,16.00,-16.50,0.00,10K,RESC2012X60_HS
R21,-27.00,30.00,0.00,10K,RESC2012X60_HS
R22,-30.00,-27.00,90.00,10K,RESC2012X60_HS
R23,28.00,-31.00,180.00,10K,RESC2012X60_HS
R24,30.50,27.50,270.00,10K,RESC2012X60_HS
R3,-21.00,-5.00,0.00,10K,RESC2012X60_HS
R4,-15.00,9.00,0.00,34,0805_RESISTOR
R5,-15.50,-7.50,0.00,34,0805_RESISTOR
R6,-22.00,8.00,0.00,10K,RESC2012X60_HS
R7,-3.00,-9.00,0.00,10K,RESC2012X60_HS
R8,-21.00,-8.00,0.00,10K,RESC2012X60_HS
R9,-21.00,-11.00,0.00,200,0805_RESISTOR
RG1,-3.00,-16.50,0.00,3V,SOT23-DBV
S1,0.62,-30.45,300.00,POWER-SWITCH-MFS201N-9-Z-SMD-EDGE,JS102011SAQN
SW1,11.00,-11.50,90.00,PUSHBUTTON_SMD-VERTICAL-1,TE_FSM8JSMA_HS
U1,1.50,8.50,270.00,ATMEGA128RFA1,QFN-64
U2,0.00,0.00,0.00,LSM-IMU-497-18367-1-NDIMU,LSM6DS0-IMU
Y1,11.00,8.00,90.00,CRYSTAL5X3,CRYSTAL-SMD-5X3
